{"cameraMode":{"drawMode":0,"name":"Shaded","section":"Shading Mode"},"sceneLighting":false,"audioPlay":false,"sceneViewState":{"showFog":true,"showMaterialUpdate":true,"showSkybox":true,"showFlares":true,"showImageEffects":true,"showParticleSystems":true},"in2DMode":false,"pivot":{"x":-19.546886444091798,"y":0.36501243710517886,"z":1.7416808605194092},"rotation":{"x":0.5675529837608337,"y":0.07389896363019943,"z":-0.05116372928023338,"w":0.8184460997581482},"size":68.57689666748047,"orthographic":false}