{"cameraMode":{"drawMode":0,"name":"Shaded","section":"Shading Mode"},"sceneLighting":false,"audioPlay":false,"sceneViewState":{"showFog":true,"showMaterialUpdate":true,"showSkybox":true,"showFlares":true,"showImageEffects":true,"showParticleSystems":true},"in2DMode":false,"pivot":{"x":26.429462432861329,"y":14.767884254455567,"z":17.537609100341798},"rotation":{"x":0.4311603605747223,"y":-0.12702050805091859,"z":0.0615202970802784,"w":0.8912288546562195},"size":48.40312194824219,"orthographic":true}