{"cameraMode":{"drawMode":0,"name":"Shaded","section":"Shading Mode"},"sceneLighting":false,"audioPlay":false,"sceneViewState":{"showFog":true,"showMaterialUpdate":true,"showSkybox":true,"showFlares":true,"showImageEffects":true,"showParticleSystems":true},"in2DMode":false,"pivot":{"x":-1.390479564666748,"y":-0.5802698731422424,"z":2.5510218143463136},"rotation":{"x":-0.06718848645687103,"y":0.24207668006420136,"z":-0.01679837331175804,"w":-0.9678089022636414},"size":8.880565643310547,"orthographic":false}