{"cameraMode":{"drawMode":0,"name":"Shaded","section":"Shading Mode"},"sceneLighting":false,"audioPlay":false,"sceneViewState":{"showFog":true,"showMaterialUpdate":true,"showSkybox":true,"showFlares":true,"showImageEffects":true,"showParticleSystems":true},"in2DMode":false,"pivot":{"x":746.2635498046875,"y":477.94097900390627,"z":-149.39453125},"rotation":{"x":-0.009555540047585965,"y":0.6892237663269043,"z":0.009092080406844616,"w":0.7244340181350708},"size":1847.260009765625,"orthographic":false}