{"cameraMode":{"drawMode":0,"name":"Shaded","section":"Shading Mode"},"sceneLighting":true,"audioPlay":false,"sceneViewState":{"showFog":true,"showMaterialUpdate":true,"showSkybox":true,"showFlares":true,"showImageEffects":true,"showParticleSystems":true},"in2DMode":false,"pivot":{"x":35.05944061279297,"y":0.7767264246940613,"z":20.8712158203125},"rotation":{"x":0.34772342443466189,"y":-0.545025646686554,"z":0.26489660143852236,"w":0.7154637575149536},"size":46.494300842285159,"orthographic":true}