{"cameraMode":{"drawMode":0,"name":"Shaded","section":"Shading Mode"},"sceneLighting":true,"audioPlay":false,"sceneViewState":{"showFog":true,"showMaterialUpdate":true,"showSkybox":true,"showFlares":true,"showImageEffects":true,"showParticleSystems":true},"in2DMode":false,"pivot":{"x":-12.411088943481446,"y":-74.24358367919922,"z":151.190185546875},"rotation":{"x":0.44893842935562136,"y":-0.12261871993541718,"z":0.0623604990541935,"w":0.8829271197319031},"size":54.76165008544922,"orthographic":true}