{"cameraMode":{"drawMode":0,"name":"Shaded","section":"Shading Mode"},"sceneLighting":true,"audioPlay":false,"sceneViewState":{"showFog":true,"showMaterialUpdate":false,"showSkybox":true,"showFlares":true,"showImageEffects":true,"showParticleSystems":true},"in2DMode":false,"pivot":{"x":30.076892852783204,"y":-23.639846801757814,"z":52.48015594482422},"rotation":{"x":0.31634825468063357,"y":-0.05859073996543884,"z":0.019571388140320779,"w":0.9466807246208191},"size":88.92546844482422,"orthographic":false}