{"cameraMode":{"drawMode":0,"name":"Shaded","section":"Shading Mode"},"sceneLighting":true,"audioPlay":false,"sceneViewState":{"showFog":true,"showMaterialUpdate":true,"showSkybox":true,"showFlares":true,"showImageEffects":true,"showParticleSystems":true},"in2DMode":false,"pivot":{"x":33.38652801513672,"y":3.027750015258789,"z":26.61215591430664},"rotation":{"x":0.17942793667316438,"y":-0.6668282747268677,"z":0.17019812762737275,"w":0.7029972076416016},"size":38.64259338378906,"orthographic":true}