{"cameraMode":{"drawMode":0,"name":"Shaded","section":"Shading Mode"},"sceneLighting":true,"audioPlay":false,"sceneViewState":{"showFog":true,"showMaterialUpdate":true,"showSkybox":true,"showFlares":true,"showImageEffects":true,"showParticleSystems":true},"in2DMode":false,"pivot":{"x":0.034088134765625,"y":0.012933731079101563,"z":0.059430599212646487},"rotation":{"x":-0.49099332094192507,"y":0.014891725033521653,"z":-0.00839544739574194,"w":-0.8710005879402161},"size":7.055477142333984,"orthographic":false}