{"cameraMode":{"drawMode":0,"name":"Shaded","section":"Shading Mode"},"sceneLighting":true,"audioPlay":false,"sceneViewState":{"showFog":true,"showMaterialUpdate":true,"showSkybox":true,"showFlares":true,"showImageEffects":true,"showParticleSystems":true},"in2DMode":false,"pivot":{"x":5.412594795227051,"y":-0.07182121276855469,"z":3.528820514678955},"rotation":{"x":-0.5332641005516052,"y":-0.4664091169834137,"z":0.4858558475971222,"w":-0.5119316577911377},"size":18.720125198364259,"orthographic":false}