{"cameraMode":{"drawMode":0,"name":"Shaded","section":"Shading Mode"},"sceneLighting":true,"audioPlay":false,"sceneViewState":{"showFog":true,"showMaterialUpdate":true,"showSkybox":true,"showFlares":true,"showImageEffects":true,"showParticleSystems":true},"in2DMode":false,"pivot":{"x":12.040499687194825,"y":10.3268404006958,"z":46.76966094970703},"rotation":{"x":0.48102056980133059,"y":0.01578443869948387,"z":-0.008648776449263096,"w":0.8765414357185364},"size":143.5095977783203,"orthographic":true}