{"cameraMode":{"drawMode":0,"name":"Shaded","section":"Shading Mode"},"sceneLighting":true,"audioPlay":false,"sceneViewState":{"showFog":true,"showMaterialUpdate":true,"showSkybox":true,"showFlares":true,"showImageEffects":true,"showParticleSystems":true},"in2DMode":false,"pivot":{"x":-50.00156021118164,"y":6.222073554992676,"z":42.74835205078125},"rotation":{"x":-0.20556864142417909,"y":0.6689331531524658,"z":-0.20057283341884614,"w":-0.6855963468551636},"size":240.0042724609375,"orthographic":false}