{"cameraMode":{"drawMode":0,"name":"Shaded","section":"Shading Mode"},"sceneLighting":true,"audioPlay":false,"sceneViewState":{"showFog":true,"showMaterialUpdate":false,"showSkybox":true,"showFlares":true,"showImageEffects":true,"showParticleSystems":true},"in2DMode":false,"pivot":{"x":3.1430346965789797,"y":-1.670510172843933,"z":-0.7737282514572144},"rotation":{"x":-0.15412025153636933,"y":-0.2967255413532257,"z":0.04858888313174248,"w":-0.9411911964416504},"size":15.141816139221192,"orthographic":false}