{"cameraMode":{"drawMode":0,"name":"Shaded","section":"Shading Mode"},"sceneLighting":true,"audioPlay":false,"sceneViewState":{"showFog":true,"showMaterialUpdate":true,"showSkybox":true,"showFlares":true,"showImageEffects":true,"showParticleSystems":true},"in2DMode":false,"pivot":{"x":30.0928955078125,"y":-7.1674909591674809,"z":20.354068756103517},"rotation":{"x":0.48102056980133059,"y":0.01578443869948387,"z":-0.008648776449263096,"w":0.8765414357185364},"size":138.31594848632813,"orthographic":true}