{"cameraMode":{"drawMode":0,"name":"Shaded","section":"Shading Mode"},"sceneLighting":true,"audioPlay":false,"sceneViewState":{"showFog":true,"showMaterialUpdate":true,"showSkybox":true,"showFlares":true,"showImageEffects":true,"showParticleSystems":true},"in2DMode":false,"pivot":{"x":31.631088256835939,"y":3.7261667251586916,"z":25.421974182128908},"rotation":{"x":0.3948855698108673,"y":-0.10710751265287399,"z":0.04642396792769432,"w":0.911300003528595},"size":54.057525634765628,"orthographic":true}