{"cameraMode":{"drawMode":0,"name":"Shaded","section":"Shading Mode"},"sceneLighting":true,"audioPlay":false,"sceneViewState":{"showFog":true,"showMaterialUpdate":true,"showSkybox":true,"showFlares":true,"showImageEffects":true,"showParticleSystems":true},"in2DMode":false,"pivot":{"x":98.20001220703125,"y":-93.45305633544922,"z":155.89999389648438},"rotation":{"x":0.48102056980133059,"y":0.01578443869948387,"z":-0.008648776449263096,"w":0.8765414357185364},"size":268.6005554199219,"orthographic":true}