{"cameraMode":{"drawMode":0,"name":"Shaded","section":"Shading Mode"},"sceneLighting":true,"audioPlay":false,"sceneViewState":{"showFog":true,"showMaterialUpdate":false,"showSkybox":true,"showFlares":true,"showImageEffects":true,"showParticleSystems":true},"in2DMode":false,"pivot":{"x":2.9329617023468019,"y":0.253484845161438,"z":-7.752464294433594},"rotation":{"x":-0.21723660826683045,"y":-0.020657602697610856,"z":0.004600404761731625,"w":-0.9758895039558411},"size":3.7573916912078859,"orthographic":false}