{"cameraMode":{"drawMode":0,"name":"Shaded","section":"Shading Mode"},"sceneLighting":true,"audioPlay":false,"sceneViewState":{"showFog":true,"showMaterialUpdate":false,"showSkybox":true,"showFlares":true,"showImageEffects":true,"showParticleSystems":true},"in2DMode":false,"pivot":{"x":-4.018552780151367,"y":1.4622210264205933,"z":0.32213640213012698},"rotation":{"x":0.15519125759601594,"y":-0.055468276143074039,"z":0.008641245774924755,"w":0.9864941835403442},"size":9.700630187988282,"orthographic":false}