{"cameraMode":{"drawMode":0,"name":"Shaded","section":"Shading Mode"},"sceneLighting":true,"audioPlay":false,"sceneViewState":{"showFog":true,"showMaterialUpdate":false,"showSkybox":true,"showFlares":true,"showImageEffects":true,"showParticleSystems":true},"in2DMode":false,"pivot":{"x":6.876462459564209,"y":-4.786546230316162,"z":1.8449912071228028},"rotation":{"x":0.19193580746650697,"y":0.36723819375038149,"z":-0.07761424779891968,"w":0.906846821308136},"size":6.408121585845947,"orthographic":false}