{"cameraMode":{"drawMode":0,"name":"Shaded","section":"Shading Mode"},"sceneLighting":true,"audioPlay":false,"sceneViewState":{"showFog":true,"showMaterialUpdate":false,"showSkybox":true,"showFlares":true,"showImageEffects":true,"showParticleSystems":true},"in2DMode":false,"pivot":{"x":0.3985137939453125,"y":1.6066734790802003,"z":0.22933650016784669},"rotation":{"x":0.12482470273971558,"y":0.5306954383850098,"z":-0.07954070717096329,"w":0.8347476124763489},"size":7.142750263214111,"orthographic":false}