{"cameraMode":{"drawMode":0,"name":"Shaded","section":"Shading Mode"},"sceneLighting":true,"audioPlay":false,"sceneViewState":{"showFog":true,"showMaterialUpdate":false,"showSkybox":true,"showFlares":true,"showImageEffects":true,"showParticleSystems":true},"in2DMode":false,"pivot":{"x":9.675439834594727,"y":-4.890199661254883,"z":0.846621036529541},"rotation":{"x":0.2518436312675476,"y":0.4094049632549286,"z":-0.11849896609783173,"w":0.8689450621604919},"size":3.720899820327759,"orthographic":false}