{"cameraMode":{"drawMode":0,"name":"Shaded","section":"Shading Mode"},"sceneLighting":true,"audioPlay":false,"sceneViewState":{"showFog":true,"showMaterialUpdate":false,"showSkybox":true,"showFlares":true,"showImageEffects":true,"showParticleSystems":true},"in2DMode":false,"pivot":{"x":-0.9940441846847534,"y":1.5128930807113648,"z":-0.43894636631011965},"rotation":{"x":0.07399575412273407,"y":0.4962987005710602,"z":-0.04272565245628357,"w":0.8641569018363953},"size":10.032879829406739,"orthographic":false}