{"cameraMode":{"drawMode":0,"name":"Shaded","section":"Shading Mode"},"sceneLighting":true,"audioPlay":false,"sceneViewState":{"showFog":true,"showMaterialUpdate":false,"showSkybox":true,"showFlares":true,"showImageEffects":true,"showParticleSystems":true},"in2DMode":false,"pivot":{"x":9.78468132019043,"y":5.8133087158203129,"z":4.299679756164551},"rotation":{"x":0.039916690438985828,"y":0.8924170136451721,"z":-0.08056578040122986,"w":0.44218909740448},"size":36.448524475097659,"orthographic":false}